{
    "Exp1": {
        "SVM": {
            "accuracy": 0.7272727272727273,
            "report": {
                "0": {
                    "precision": 0.0,
                    "recall": 0.0,
                    "f1-score": 0.0,
                    "support": 3.0
                },
                "1": {
                    "precision": 0.7272727272727273,
                    "recall": 1.0,
                    "f1-score": 0.8421052631578947,
                    "support": 8.0
                },
                "accuracy": 0.7272727272727273,
                "macro avg": {
                    "precision": 0.36363636363636365,
                    "recall": 0.5,
                    "f1-score": 0.42105263157894735,
                    "support": 11.0
                },
                "weighted avg": {
                    "precision": 0.5289256198347108,
                    "recall": 0.7272727272727273,
                    "f1-score": 0.6124401913875598,
                    "support": 11.0
                }
            }
        },
        "Random Forest": {
            "accuracy": 0.5454545454545454,
            "report": {
                "0": {
                    "precision": 0.0,
                    "recall": 0.0,
                    "f1-score": 0.0,
                    "support": 3.0
                },
                "1": {
                    "precision": 0.6666666666666666,
                    "recall": 0.75,
                    "f1-score": 0.7058823529411765,
                    "support": 8.0
                },
                "accuracy": 0.5454545454545454,
                "macro avg": {
                    "precision": 0.3333333333333333,
                    "recall": 0.375,
                    "f1-score": 0.35294117647058826,
                    "support": 11.0
                },
                "weighted avg": {
                    "precision": 0.4848484848484848,
                    "recall": 0.5454545454545454,
                    "f1-score": 0.5133689839572193,
                    "support": 11.0
                }
            }
        },
        "XGBoost": {
            "accuracy": 0.5454545454545454,
            "report": {
                "0": {
                    "precision": 0.0,
                    "recall": 0.0,
                    "f1-score": 0.0,
                    "support": 3.0
                },
                "1": {
                    "precision": 0.6666666666666666,
                    "recall": 0.75,
                    "f1-score": 0.7058823529411765,
                    "support": 8.0
                },
                "accuracy": 0.5454545454545454,
                "macro avg": {
                    "precision": 0.3333333333333333,
                    "recall": 0.375,
                    "f1-score": 0.35294117647058826,
                    "support": 11.0
                },
                "weighted avg": {
                    "precision": 0.4848484848484848,
                    "recall": 0.5454545454545454,
                    "f1-score": 0.5133689839572193,
                    "support": 11.0
                }
            }
        }
    },
    "Exp2": {
        "SVM": {
            "accuracy": 0.5243243243243243,
            "report": {
                "0": {
                    "precision": 0.0,
                    "recall": 0.0,
                    "f1-score": 0.0,
                    "support": 88.0
                },
                "1": {
                    "precision": 0.5243243243243243,
                    "recall": 1.0,
                    "f1-score": 0.6879432624113475,
                    "support": 97.0
                },
                "accuracy": 0.5243243243243243,
                "macro avg": {
                    "precision": 0.26216216216216215,
                    "recall": 0.5,
                    "f1-score": 0.34397163120567376,
                    "support": 185.0
                },
                "weighted avg": {
                    "precision": 0.2749159970781592,
                    "recall": 0.5243243243243243,
                    "f1-score": 0.36070538623730114,
                    "support": 185.0
                }
            },
            "cm": [
                [
                    0,
                    88
                ],
                [
                    0,
                    97
                ]
            ]
        },
        "Random Forest": {
            "accuracy": 0.572972972972973,
            "report": {
                "0": {
                    "precision": 0.6956521739130435,
                    "recall": 0.18181818181818182,
                    "f1-score": 0.2882882882882883,
                    "support": 88.0
                },
                "1": {
                    "precision": 0.5555555555555556,
                    "recall": 0.9278350515463918,
                    "f1-score": 0.694980694980695,
                    "support": 97.0
                },
                "accuracy": 0.572972972972973,
                "macro avg": {
                    "precision": 0.6256038647342995,
                    "recall": 0.5548266166822868,
                    "f1-score": 0.4916344916344917,
                    "support": 185.0
                },
                "weighted avg": {
                    "precision": 0.622196109152631,
                    "recall": 0.572972972972973,
                    "f1-score": 0.5015270096351178,
                    "support": 185.0
                }
            },
            "cm": [
                [
                    16,
                    72
                ],
                [
                    7,
                    90
                ]
            ]
        },
        "XGBoost": {
            "accuracy": 0.6324324324324324,
            "report": {
                "0": {
                    "precision": 0.6851851851851852,
                    "recall": 0.42045454545454547,
                    "f1-score": 0.5211267605633803,
                    "support": 88.0
                },
                "1": {
                    "precision": 0.6106870229007634,
                    "recall": 0.8247422680412371,
                    "f1-score": 0.7017543859649122,
                    "support": 97.0
                },
                "accuracy": 0.6324324324324324,
                "macro avg": {
                    "precision": 0.6479361040429743,
                    "recall": 0.6225984067478912,
                    "f1-score": 0.6114405732641462,
                    "support": 185.0
                },
                "weighted avg": {
                    "precision": 0.6461239865820019,
                    "recall": 0.6324324324324324,
                    "f1-score": 0.6158342182063458,
                    "support": 185.0
                }
            },
            "cm": [
                [
                    37,
                    51
                ],
                [
                    17,
                    80
                ]
            ]
        }
    }
}